DATE,VISITOR,VISITOR_PTS,HOME,HOME_PTS,MARGIN,HOME_ABBR,VISITOR_ABBR,HOME_TEAM_WINS,ID
2020-12-22,GOLDEN STATE WARRIORS,99.0,BROOKLYN NETS,125.0,26,BRK,GSW,1,1
2020-12-22,LOS ANGELES CLIPPERS,116.0,LOS ANGELES LAKERS,109.0,-7,LAL,LAC,0,2
2020-12-23,CHARLOTTE HORNETS,114.0,CLEVELAND CAVALIERS,121.0,7,CLE,CHO,1,3
2020-12-23,NEW YORK KNICKS,107.0,INDIANA PACERS,121.0,14,IND,NYK,1,4
2020-12-23,MIAMI HEAT,107.0,ORLANDO MAGIC,113.0,6,ORL,MIA,1,5
2020-12-23,WASHINGTON WIZARDS,107.0,PHILADELPHIA 76ERS,113.0,6,PHI,WAS,1,6
2020-12-23,NEW ORLEANS PELICANS,113.0,TORONTO RAPTORS,99.0,-14,TOR,NOP,0,7
2020-12-23,MILWAUKEE BUCKS,121.0,BOSTON CELTICS,122.0,1,BOS,MIL,1,8
2020-12-23,ATLANTA HAWKS,124.0,CHICAGO BULLS,104.0,-20,CHI,ATL,0,9
2020-12-23,SAN ANTONIO SPURS,131.0,MEMPHIS GRIZZLIES,119.0,-12,MEM,SAS,0,10
2020-12-23,DETROIT PISTONS,101.0,MINNESOTA TIMBERWOLVES,111.0,10,MIN,DET,1,11
2020-12-23,SACRAMENTO KINGS,124.0,DENVER NUGGETS,122.0,-2,DEN,SAC,0,12
2020-12-23,UTAH JAZZ,120.0,PORTLAND TRAIL BLAZERS,100.0,-20,POR,UTA,0,13
2020-12-23,DALLAS MAVERICKS,102.0,PHOENIX SUNS,106.0,4,PHO,DAL,1,14
2020-12-25,NEW ORLEANS PELICANS,98.0,MIAMI HEAT,111.0,13,MIA,NOP,1,15
2020-12-25,GOLDEN STATE WARRIORS,99.0,MILWAUKEE BUCKS,138.0,39,MIL,GSW,1,16
2020-12-25,BROOKLYN NETS,123.0,BOSTON CELTICS,95.0,-28,BOS,BRK,0,17
2020-12-25,DALLAS MAVERICKS,115.0,LOS ANGELES LAKERS,138.0,23,LAL,DAL,1,18
2020-12-25,LOS ANGELES CLIPPERS,121.0,DENVER NUGGETS,108.0,-13,DEN,LAC,0,19
2020-12-26,ATLANTA HAWKS,122.0,MEMPHIS GRIZZLIES,112.0,-10,MEM,ATL,0,20
2020-12-26,OKLAHOMA CITY THUNDER,109.0,CHARLOTTE HORNETS,107.0,-2,CHO,OKC,0,21
2020-12-26,CLEVELAND CAVALIERS,128.0,DETROIT PISTONS,119.0,-9,DET,CLE,0,22
2020-12-26,ORLANDO MAGIC,130.0,WASHINGTON WIZARDS,120.0,-10,WAS,ORL,0,23
2020-12-26,PHILADELPHIA 76ERS,109.0,NEW YORK KNICKS,89.0,-20,NYK,PHI,0,24
2020-12-26,INDIANA PACERS,125.0,CHICAGO BULLS,106.0,-19,CHI,IND,0,25
2020-12-26,TORONTO RAPTORS,114.0,SAN ANTONIO SPURS,119.0,5,SAS,TOR,1,26
2020-12-26,MINNESOTA TIMBERWOLVES,116.0,UTAH JAZZ,111.0,-5,UTA,MIN,0,27
2020-12-26,HOUSTON ROCKETS,126.0,PORTLAND TRAIL BLAZERS,128.0,2,POR,HOU,1,28
2020-12-26,PHOENIX SUNS,103.0,SACRAMENTO KINGS,106.0,3,SAC,PHO,1,29
2020-12-27,DALLAS MAVERICKS,124.0,LOS ANGELES CLIPPERS,73.0,-51,LAC,DAL,0,30
2020-12-27,SAN ANTONIO SPURS,95.0,NEW ORLEANS PELICANS,98.0,3,NOP,SAS,1,31
2020-12-27,ORLANDO MAGIC,120.0,WASHINGTON WIZARDS,113.0,-7,WAS,ORL,0,32
2020-12-27,BROOKLYN NETS,104.0,CHARLOTTE HORNETS,106.0,2,CHO,BRK,1,33
2020-12-27,PHILADELPHIA 76ERS,94.0,CLEVELAND CAVALIERS,118.0,24,CLE,PHI,1,34
2020-12-27,MILWAUKEE BUCKS,110.0,NEW YORK KNICKS,130.0,20,NYK,MIL,1,35
2020-12-27,BOSTON CELTICS,107.0,INDIANA PACERS,108.0,1,IND,BOS,1,36
2020-12-27,GOLDEN STATE WARRIORS,129.0,CHICAGO BULLS,128.0,-1,CHI,GSW,0,37
2020-12-27,PHOENIX SUNS,116.0,SACRAMENTO KINGS,100.0,-16,SAC,PHO,0,38
2020-12-27,MINNESOTA TIMBERWOLVES,91.0,LOS ANGELES LAKERS,127.0,36,LAL,MIN,1,39
2020-12-28,MEMPHIS GRIZZLIES,116.0,BROOKLYN NETS,111.0,-5,BRK,MEM,0,40
2020-12-28,DETROIT PISTONS,120.0,ATLANTA HAWKS,128.0,8,ATL,DET,1,41
2020-12-28,UTAH JAZZ,110.0,OKLAHOMA CITY THUNDER,109.0,-1,OKC,UTA,0,42
2020-12-28,HOUSTON ROCKETS,111.0,DENVER NUGGETS,124.0,13,DEN,HOU,1,43
2020-12-28,PORTLAND TRAIL BLAZERS,115.0,LOS ANGELES LAKERS,107.0,-8,LAL,POR,0,44
2020-12-29,NEW YORK KNICKS,95.0,CLEVELAND CAVALIERS,86.0,-9,CLE,NYK,0,45
2020-12-29,GOLDEN STATE WARRIORS,116.0,DETROIT PISTONS,106.0,-10,DET,GSW,0,46
2020-12-29,BOSTON CELTICS,116.0,INDIANA PACERS,111.0,-5,IND,BOS,0,47
2020-12-29,CHICAGO BULLS,115.0,WASHINGTON WIZARDS,107.0,-8,WAS,CHI,0,48
2020-12-29,TORONTO RAPTORS,93.0,PHILADELPHIA 76ERS,100.0,7,PHI,TOR,1,49
2020-12-29,MILWAUKEE BUCKS,144.0,MIAMI HEAT,97.0,-47,MIA,MIL,0,50
2020-12-29,ORLANDO MAGIC,118.0,OKLAHOMA CITY THUNDER,107.0,-11,OKC,ORL,0,51
2020-12-29,NEW ORLEANS PELICANS,86.0,PHOENIX SUNS,111.0,25,PHO,NOP,1,52
2020-12-29,DENVER NUGGETS,115.0,SACRAMENTO KINGS,125.0,10,SAC,DEN,1,53
2020-12-29,MINNESOTA TIMBERWOLVES,101.0,LOS ANGELES CLIPPERS,124.0,23,LAC,MIN,1,54
2020-12-30,MILWAUKEE BUCKS,108.0,MIAMI HEAT,119.0,11,MIA,MIL,1,55
2020-12-30,ATLANTA HAWKS,141.0,BROOKLYN NETS,145.0,4,BRK,ATL,1,56
2020-12-30,MEMPHIS GRIZZLIES,107.0,BOSTON CELTICS,126.0,19,BOS,MEM,1,57
2020-12-30,CHARLOTTE HORNETS,118.0,DALLAS MAVERICKS,99.0,-19,DAL,CHO,0,58
2020-12-30,LOS ANGELES LAKERS,121.0,SAN ANTONIO SPURS,107.0,-14,SAS,LAL,0,59
2020-12-30,PORTLAND TRAIL BLAZERS,105.0,LOS ANGELES CLIPPERS,128.0,23,LAC,POR,1,60
2020-12-31,CLEVELAND CAVALIERS,99.0,INDIANA PACERS,119.0,20,IND,CLE,1,61
2020-12-31,CHICAGO BULLS,133.0,WASHINGTON WIZARDS,130.0,-3,WAS,CHI,0,62
2020-12-31,PHILADELPHIA 76ERS,116.0,ORLANDO MAGIC,92.0,-24,ORL,PHI,0,63
2020-12-31,SACRAMENTO KINGS,119.0,HOUSTON ROCKETS,122.0,3,HOU,SAC,1,64
2020-12-31,NEW YORK KNICKS,83.0,TORONTO RAPTORS,100.0,17,TOR,NYK,1,65
2020-12-31,NEW ORLEANS PELICANS,113.0,OKLAHOMA CITY THUNDER,80.0,-33,OKC,NOP,0,66
2020-12-31,PHOENIX SUNS,106.0,UTAH JAZZ,95.0,-11,UTA,PHO,0,67
2021-01-01,MEMPHIS GRIZZLIES,108.0,CHARLOTTE HORNETS,93.0,-15,CHO,MEM,0,68
2021-01-01,MIAMI HEAT,83.0,DALLAS MAVERICKS,93.0,10,DAL,MIA,1,69
2021-01-01,BOSTON CELTICS,93.0,DETROIT PISTONS,96.0,3,DET,BOS,1,70
2021-01-01,ATLANTA HAWKS,114.0,BROOKLYN NETS,96.0,-18,BRK,ATL,0,71
2021-01-01,CHICAGO BULLS,96.0,MILWAUKEE BUCKS,126.0,30,MIL,CHI,1,72
2021-01-01,WASHINGTON WIZARDS,130.0,MINNESOTA TIMBERWOLVES,109.0,-21,MIN,WAS,0,73
2021-01-01,LOS ANGELES LAKERS,109.0,SAN ANTONIO SPURS,103.0,-6,SAS,LAL,0,74
2021-01-01,PHOENIX SUNS,106.0,DENVER NUGGETS,103.0,-3,DEN,PHO,0,75
2021-01-01,LOS ANGELES CLIPPERS,100.0,UTAH JAZZ,106.0,6,UTA,LAC,1,76
2021-01-01,PORTLAND TRAIL BLAZERS,123.0,GOLDEN STATE WARRIORS,98.0,-25,GSW,POR,0,77
2021-01-02,SACRAMENTO KINGS,94.0,HOUSTON ROCKETS,102.0,8,HOU,SAC,1,78
2021-01-02,NEW YORK KNICKS,106.0,INDIANA PACERS,102.0,-4,IND,NYK,0,79
2021-01-02,OKLAHOMA CITY THUNDER,108.0,ORLANDO MAGIC,99.0,-9,ORL,OKC,0,80
2021-01-02,CHARLOTTE HORNETS,112.0,PHILADELPHIA 76ERS,127.0,15,PHI,CHO,1,81
2021-01-02,CLEVELAND CAVALIERS,96.0,ATLANTA HAWKS,91.0,-5,ATL,CLE,0,82
2021-01-02,TORONTO RAPTORS,116.0,NEW ORLEANS PELICANS,120.0,4,NOP,TOR,1,83
2021-01-03,BOSTON CELTICS,122.0,DETROIT PISTONS,120.0,-2,DET,BOS,0,84
2021-01-03,WASHINGTON WIZARDS,123.0,BROOKLYN NETS,122.0,-1,BRK,WAS,0,85
2021-01-03,LOS ANGELES LAKERS,108.0,MEMPHIS GRIZZLIES,94.0,-14,MEM,LAL,0,86
2021-01-03,DENVER NUGGETS,124.0,MINNESOTA TIMBERWOLVES,109.0,-15,MIN,DEN,0,87
2021-01-03,UTAH JAZZ,130.0,SAN ANTONIO SPURS,109.0,-21,SAS,UTA,0,88
2021-01-03,DALLAS MAVERICKS,108.0,CHICAGO BULLS,118.0,10,CHI,DAL,1,89
2021-01-03,LOS ANGELES CLIPPERS,112.0,PHOENIX SUNS,107.0,-5,PHO,LAC,0,90
2021-01-03,PORTLAND TRAIL BLAZERS,122.0,GOLDEN STATE WARRIORS,137.0,15,GSW,POR,1,91
2021-01-04,CLEVELAND CAVALIERS,83.0,ORLANDO MAGIC,103.0,20,ORL,CLE,1,92
2021-01-04,CHARLOTTE HORNETS,101.0,PHILADELPHIA 76ERS,118.0,17,PHI,CHO,1,93
2021-01-04,NEW YORK KNICKS,113.0,ATLANTA HAWKS,108.0,-5,ATL,NYK,0,94
2021-01-04,OKLAHOMA CITY THUNDER,90.0,MIAMI HEAT,118.0,28,MIA,OKC,1,95
2021-01-04,BOSTON CELTICS,126.0,TORONTO RAPTORS,114.0,-12,TOR,BOS,0,96
2021-01-04,DALLAS MAVERICKS,113.0,HOUSTON ROCKETS,100.0,-13,HOU,DAL,0,97
2021-01-04,DETROIT PISTONS,115.0,MILWAUKEE BUCKS,125.0,10,MIL,DET,1,98
2021-01-04,INDIANA PACERS,118.0,NEW ORLEANS PELICANS,116.0,-2,NOP,IND,0,99
2021-01-04,SACRAMENTO KINGS,106.0,GOLDEN STATE WARRIORS,137.0,31,GSW,SAC,1,100
2021-01-05,UTAH JAZZ,96.0,BROOKLYN NETS,130.0,34,BRK,UTA,1,101
2021-01-05,LOS ANGELES LAKERS,94.0,MEMPHIS GRIZZLIES,92.0,-2,MEM,LAL,0,102
2021-01-05,MINNESOTA TIMBERWOLVES,116.0,DENVER NUGGETS,123.0,7,DEN,MIN,1,103
2021-01-05,SAN ANTONIO SPURS,116.0,LOS ANGELES CLIPPERS,113.0,-3,LAC,SAS,0,104
2021-01-05,CHICAGO BULLS,111.0,PORTLAND TRAIL BLAZERS,108.0,-3,POR,CHI,0,105
2021-01-06,HOUSTON ROCKETS,107.0,INDIANA PACERS,114.0,7,IND,HOU,1,106
2021-01-06,CLEVELAND CAVALIERS,94.0,ORLANDO MAGIC,105.0,11,ORL,CLE,1,107
2021-01-06,WASHINGTON WIZARDS,136.0,PHILADELPHIA 76ERS,141.0,5,PHI,WAS,1,108
2021-01-06,CHARLOTTE HORNETS,102.0,ATLANTA HAWKS,94.0,-8,ATL,CHO,0,109
2021-01-06,BOSTON CELTICS,107.0,MIAMI HEAT,105.0,-2,MIA,BOS,0,110
2021-01-06,UTAH JAZZ,100.0,NEW YORK KNICKS,112.0,12,NYK,UTA,1,111
2021-01-06,DETROIT PISTONS,115.0,MILWAUKEE BUCKS,130.0,15,MIL,DET,1,112
2021-01-06,OKLAHOMA CITY THUNDER,111.0,NEW ORLEANS PELICANS,110.0,-1,NOP,OKC,0,113
2021-01-06,TORONTO RAPTORS,115.0,PHOENIX SUNS,123.0,8,PHO,TOR,1,114
2021-01-06,LOS ANGELES CLIPPERS,108.0,GOLDEN STATE WARRIORS,101.0,-7,GSW,LAC,0,115
2021-01-06,CHICAGO BULLS,124.0,SACRAMENTO KINGS,128.0,4,SAC,CHI,1,116
2021-01-07,PHILADELPHIA 76ERS,109.0,BROOKLYN NETS,122.0,13,BRK,PHI,1,117
2021-01-07,CLEVELAND CAVALIERS,94.0,MEMPHIS GRIZZLIES,90.0,-4,MEM,CLE,0,118
2021-01-07,DALLAS MAVERICKS,124.0,DENVER NUGGETS,117.0,-7,DEN,DAL,0,119
2021-01-07,SAN ANTONIO SPURS,118.0,LOS ANGELES LAKERS,109.0,-9,LAL,SAS,0,120
2021-01-07,MINNESOTA TIMBERWOLVES,117.0,PORTLAND TRAIL BLAZERS,135.0,18,POR,MIN,1,121
2021-01-08,PHOENIX SUNS,105.0,DETROIT PISTONS,110.0,5,DET,PHO,1,122
2021-01-08,WASHINGTON WIZARDS,107.0,BOSTON CELTICS,116.0,9,BOS,WAS,1,123
2021-01-08,CHARLOTTE HORNETS,118.0,NEW ORLEANS PELICANS,110.0,-8,NOP,CHO,0,124
2021-01-08,OKLAHOMA CITY THUNDER,101.0,NEW YORK KNICKS,89.0,-12,NYK,OKC,0,125
2021-01-08,ORLANDO MAGIC,90.0,HOUSTON ROCKETS,132.0,42,HOU,ORL,1,126
2021-01-08,BROOKLYN NETS,110.0,MEMPHIS GRIZZLIES,115.0,5,MEM,BRK,1,127
2021-01-08,UTAH JAZZ,131.0,MILWAUKEE BUCKS,118.0,-13,MIL,UTA,0,128
2021-01-08,LOS ANGELES CLIPPERS,105.0,GOLDEN STATE WARRIORS,115.0,10,GSW,LAC,1,129
2021-01-08,CHICAGO BULLS,115.0,LOS ANGELES LAKERS,117.0,2,LAL,CHI,1,130
2021-01-08,TORONTO RAPTORS,144.0,SACRAMENTO KINGS,123.0,-21,SAC,TOR,0,131
2021-01-09,DENVER NUGGETS,115.0,PHILADELPHIA 76ERS,103.0,-12,PHI,DEN,0,132
2021-01-09,ATLANTA HAWKS,105.0,CHARLOTTE HORNETS,113.0,8,CHO,ATL,1,133
2021-01-09,PHOENIX SUNS,125.0,INDIANA PACERS,117.0,-8,IND,PHO,0,134
2021-01-09,MIAMI HEAT,128.0,WASHINGTON WIZARDS,124.0,-4,WAS,MIA,0,135
2021-01-09,CLEVELAND CAVALIERS,90.0,MILWAUKEE BUCKS,100.0,10,MIL,CLE,1,136
2021-01-09,SAN ANTONIO SPURS,125.0,MINNESOTA TIMBERWOLVES,122.0,-3,MIN,SAS,0,137
2021-01-09,ORLANDO MAGIC,98.0,DALLAS MAVERICKS,112.0,14,DAL,ORL,1,138
2021-01-09,PORTLAND TRAIL BLAZERS,125.0,SACRAMENTO KINGS,99.0,-26,SAC,POR,0,139
2021-01-10,UTAH JAZZ,96.0,DETROIT PISTONS,86.0,-10,DET,UTA,0,140
2021-01-10,CHICAGO BULLS,127.0,LOS ANGELES CLIPPERS,130.0,3,LAC,CHI,1,141
2021-01-10,OKLAHOMA CITY THUNDER,129.0,BROOKLYN NETS,116.0,-13,BRK,OKC,0,142
2021-01-10,DENVER NUGGETS,114.0,NEW YORK KNICKS,89.0,-25,NYK,DEN,0,143
2021-01-10,LOS ANGELES LAKERS,120.0,HOUSTON ROCKETS,102.0,-18,HOU,LAL,0,144
2021-01-10,SAN ANTONIO SPURS,88.0,MINNESOTA TIMBERWOLVES,96.0,8,MIN,SAS,1,145
2021-01-10,TORONTO RAPTORS,105.0,GOLDEN STATE WARRIORS,106.0,1,GSW,TOR,1,146
2021-01-11,NEW YORK KNICKS,88.0,CHARLOTTE HORNETS,109.0,21,CHO,NYK,1,147
2021-01-11,MEMPHIS GRIZZLIES,101.0,CLEVELAND CAVALIERS,91.0,-10,CLE,MEM,0,148
2021-01-11,MILWAUKEE BUCKS,121.0,ORLANDO MAGIC,99.0,-22,ORL,MIL,0,149
2021-01-11,PHOENIX SUNS,107.0,WASHINGTON WIZARDS,128.0,21,WAS,PHO,1,150
2021-01-11,PHILADELPHIA 76ERS,94.0,ATLANTA HAWKS,112.0,18,ATL,PHI,1,151
2021-01-11,TORONTO RAPTORS,111.0,PORTLAND TRAIL BLAZERS,112.0,1,POR,TOR,1,152
2021-01-11,INDIANA PACERS,122.0,SACRAMENTO KINGS,127.0,5,SAC,IND,1,153
2021-01-12,MIAMI HEAT,134.0,PHILADELPHIA 76ERS,137.0,3,PHI,MIA,1,154
2021-01-12,DENVER NUGGETS,116.0,BROOKLYN NETS,122.0,6,BRK,DEN,1,155
2021-01-12,UTAH JAZZ,117.0,CLEVELAND CAVALIERS,87.0,-30,CLE,UTA,0,156
2021-01-12,LOS ANGELES LAKERS,117.0,HOUSTON ROCKETS,100.0,-17,HOU,LAL,0,157
2021-01-12,SAN ANTONIO SPURS,112.0,OKLAHOMA CITY THUNDER,102.0,-10,OKC,SAS,0,158
2021-01-12,INDIANA PACERS,104.0,GOLDEN STATE WARRIORS,95.0,-9,GSW,IND,0,159
2021-01-13,DALLAS MAVERICKS,104.0,CHARLOTTE HORNETS,93.0,-11,CHO,DAL,0,160
2021-01-13,MILWAUKEE BUCKS,110.0,DETROIT PISTONS,101.0,-9,DET,MIL,0,161
2021-01-13,BROOKLYN NETS,116.0,NEW YORK KNICKS,109.0,-7,NYK,BRK,0,162
2021-01-13,MEMPHIS GRIZZLIES,118.0,MINNESOTA TIMBERWOLVES,107.0,-11,MIN,MEM,0,163
2021-01-13,LOS ANGELES LAKERS,128.0,OKLAHOMA CITY THUNDER,99.0,-29,OKC,LAL,0,164
2021-01-13,NEW ORLEANS PELICANS,106.0,LOS ANGELES CLIPPERS,111.0,5,LAC,NOP,1,165
2021-01-13,PORTLAND TRAIL BLAZERS,132.0,SACRAMENTO KINGS,126.0,-6,SAC,POR,0,166
2021-01-14,MIAMI HEAT,108.0,PHILADELPHIA 76ERS,125.0,17,PHI,MIA,1,167
2021-01-14,HOUSTON ROCKETS,109.0,SAN ANTONIO SPURS,105.0,-4,SAS,HOU,0,168
2021-01-14,CHARLOTTE HORNETS,108.0,TORONTO RAPTORS,111.0,3,TOR,CHO,1,169
2021-01-14,GOLDEN STATE WARRIORS,104.0,DENVER NUGGETS,114.0,10,DEN,GSW,1,170
2021-01-14,INDIANA PACERS,111.0,PORTLAND TRAIL BLAZERS,87.0,-24,POR,IND,0,171
2021-01-15,ORLANDO MAGIC,97.0,BOSTON CELTICS,124.0,27,BOS,ORL,1,172
2021-01-15,NEW YORK KNICKS,103.0,CLEVELAND CAVALIERS,106.0,3,CLE,NYK,1,173
2021-01-15,DALLAS MAVERICKS,109.0,MILWAUKEE BUCKS,112.0,3,MIL,DAL,1,174
2021-01-15,CHICAGO BULLS,125.0,OKLAHOMA CITY THUNDER,127.0,2,OKC,CHI,1,175
2021-01-15,ATLANTA HAWKS,92.0,UTAH JAZZ,116.0,24,UTA,ATL,1,176
2021-01-15,NEW ORLEANS PELICANS,95.0,LOS ANGELES LAKERS,112.0,17,LAL,NOP,1,177
2021-01-15,LOS ANGELES CLIPPERS,138.0,SACRAMENTO KINGS,100.0,-38,SAC,LAC,0,178
2021-01-16,HOUSTON ROCKETS,91.0,SAN ANTONIO SPURS,103.0,12,SAS,HOU,1,179
2021-01-16,ORLANDO MAGIC,115.0,BROOKLYN NETS,122.0,7,BRK,ORL,1,180
2021-01-16,CHARLOTTE HORNETS,113.0,TORONTO RAPTORS,116.0,3,TOR,CHO,1,181
2021-01-16,PHILADELPHIA 76ERS,104.0,MEMPHIS GRIZZLIES,106.0,2,MEM,PHI,1,182
2021-01-16,DETROIT PISTONS,120.0,MIAMI HEAT,100.0,-20,MIA,DET,0,183
2021-01-16,ATLANTA HAWKS,106.0,PORTLAND TRAIL BLAZERS,112.0,6,POR,ATL,1,184
2021-01-17,NEW YORK KNICKS,105.0,BOSTON CELTICS,75.0,-30,BOS,NYK,0,185
2021-01-17,CHICAGO BULLS,117.0,DALLAS MAVERICKS,101.0,-16,DAL,CHI,0,186
2021-01-17,UTAH JAZZ,109.0,DENVER NUGGETS,105.0,-4,DEN,UTA,0,187
2021-01-17,NEW ORLEANS PELICANS,128.0,SACRAMENTO KINGS,123.0,-5,SAC,NOP,0,188
2021-01-17,INDIANA PACERS,96.0,LOS ANGELES CLIPPERS,129.0,33,LAC,IND,1,189
2021-01-18,ORLANDO MAGIC,84.0,NEW YORK KNICKS,91.0,7,NYK,ORL,1,190
2021-01-18,MINNESOTA TIMBERWOLVES,97.0,ATLANTA HAWKS,108.0,11,ATL,MIN,1,191
2021-01-18,SAN ANTONIO SPURS,125.0,PORTLAND TRAIL BLAZERS,104.0,-21,POR,SAS,0,192
2021-01-18,PHOENIX SUNS,104.0,MEMPHIS GRIZZLIES,108.0,4,MEM,PHO,1,193
2021-01-18,MILWAUKEE BUCKS,123.0,BROOKLYN NETS,125.0,2,BRK,MIL,1,194
2021-01-18,DALLAS MAVERICKS,93.0,TORONTO RAPTORS,116.0,23,TOR,DAL,1,195
2021-01-18,HOUSTON ROCKETS,120.0,CHICAGO BULLS,125.0,5,CHI,HOU,1,196
2021-01-18,DETROIT PISTONS,107.0,MIAMI HEAT,113.0,6,MIA,DET,1,197
2021-01-18,GOLDEN STATE WARRIORS,115.0,LOS ANGELES LAKERS,113.0,-2,LAL,GSW,0,198
2021-01-19,OKLAHOMA CITY THUNDER,101.0,DENVER NUGGETS,119.0,18,DEN,OKC,1,199
2021-01-19,NEW ORLEANS PELICANS,102.0,UTAH JAZZ,118.0,16,UTA,NOP,1,200
2021-01-20,BROOKLYN NETS,135.0,CLEVELAND CAVALIERS,147.0,12,CLE,BRK,1,201
2021-01-20,DALLAS MAVERICKS,124.0,INDIANA PACERS,112.0,-12,IND,DAL,0,202
2021-01-20,BOSTON CELTICS,109.0,PHILADELPHIA 76ERS,117.0,8,PHI,BOS,1,203
2021-01-20,DETROIT PISTONS,115.0,ATLANTA HAWKS,123.0,8,ATL,DET,1,204
2021-01-20,MIAMI HEAT,111.0,TORONTO RAPTORS,102.0,-9,TOR,MIA,0,205
2021-01-20,ORLANDO MAGIC,97.0,MINNESOTA TIMBERWOLVES,96.0,-1,MIN,ORL,0,206
2021-01-20,PHOENIX SUNS,109.0,HOUSTON ROCKETS,103.0,-6,HOU,PHO,0,207
2021-01-20,SAN ANTONIO SPURS,99.0,GOLDEN STATE WARRIORS,121.0,22,GSW,SAS,1,208
2021-01-20,SACRAMENTO KINGS,96.0,LOS ANGELES CLIPPERS,115.0,19,LAC,SAC,1,209
2021-01-21,LOS ANGELES LAKERS,113.0,MILWAUKEE BUCKS,106.0,-7,MIL,LAL,0,210
2021-01-21,NEW YORK KNICKS,119.0,GOLDEN STATE WARRIORS,104.0,-15,GSW,NYK,0,211
2021-01-21,NEW ORLEANS PELICANS,118.0,UTAH JAZZ,129.0,11,UTA,NOP,1,212
2021-01-22,CHICAGO BULLS,123.0,CHARLOTTE HORNETS,110.0,-13,CHO,CHI,0,213
2021-01-22,HOUSTON ROCKETS,103.0,DETROIT PISTONS,102.0,-1,DET,HOU,0,214
2021-01-22,ORLANDO MAGIC,118.0,INDIANA PACERS,120.0,2,IND,ORL,1,215
2021-01-22,BROOKLYN NETS,113.0,CLEVELAND CAVALIERS,125.0,12,CLE,BRK,1,216
2021-01-22,BOSTON CELTICS,110.0,PHILADELPHIA 76ERS,122.0,12,PHI,BOS,1,217
2021-01-22,MIAMI HEAT,81.0,TORONTO RAPTORS,101.0,20,TOR,MIA,1,218
2021-01-22,ATLANTA HAWKS,116.0,MINNESOTA TIMBERWOLVES,98.0,-18,MIN,ATL,0,219
2021-01-22,DALLAS MAVERICKS,122.0,SAN ANTONIO SPURS,117.0,-5,SAS,DAL,0,220
2021-01-22,OKLAHOMA CITY THUNDER,106.0,LOS ANGELES CLIPPERS,120.0,14,LAC,OKC,1,221
2021-01-22,DENVER NUGGETS,130.0,PHOENIX SUNS,126.0,-4,PHO,DEN,0,222
2021-01-22,NEW YORK KNICKS,94.0,SACRAMENTO KINGS,103.0,9,SAC,NYK,1,223
2021-01-23,MIAMI HEAT,124.0,BROOKLYN NETS,128.0,4,BRK,MIA,1,224
2021-01-23,PHILADELPHIA 76ERS,114.0,DETROIT PISTONS,110.0,-4,DET,PHI,0,225
2021-01-23,NEW ORLEANS PELICANS,110.0,MINNESOTA TIMBERWOLVES,120.0,10,MIN,NOP,1,226
2021-01-23,LOS ANGELES LAKERS,101.0,CHICAGO BULLS,90.0,-11,CHI,LAL,0,227
2021-01-23,HOUSTON ROCKETS,133.0,DALLAS MAVERICKS,108.0,-25,DAL,HOU,0,228
2021-01-23,DENVER NUGGETS,120.0,PHOENIX SUNS,112.0,-8,PHO,DEN,0,229
2021-01-23,GOLDEN STATE WARRIORS,108.0,UTAH JAZZ,127.0,19,UTA,GSW,1,230
2021-01-24,TORONTO RAPTORS,107.0,INDIANA PACERS,102.0,-5,IND,TOR,0,231
2021-01-24,OKLAHOMA CITY THUNDER,100.0,LOS ANGELES CLIPPERS,108.0,8,LAC,OKC,1,232
2021-01-24,CLEVELAND CAVALIERS,103.0,BOSTON CELTICS,141.0,38,BOS,CLE,1,233
2021-01-24,CHARLOTTE HORNETS,107.0,ORLANDO MAGIC,104.0,-3,ORL,CHO,0,234
2021-01-24,ATLANTA HAWKS,115.0,MILWAUKEE BUCKS,129.0,14,MIL,ATL,1,235
2021-01-24,WASHINGTON WIZARDS,101.0,SAN ANTONIO SPURS,121.0,20,SAS,WAS,1,236
2021-01-24,NEW YORK KNICKS,113.0,PORTLAND TRAIL BLAZERS,116.0,3,POR,NYK,1,237
2021-01-25,PHILADELPHIA 76ERS,104.0,DETROIT PISTONS,119.0,15,DET,PHI,1,238
2021-01-25,TORONTO RAPTORS,114.0,INDIANA PACERS,129.0,15,IND,TOR,1,239
2021-01-25,CHARLOTTE HORNETS,108.0,ORLANDO MAGIC,117.0,9,ORL,CHO,1,240
2021-01-25,MIAMI HEAT,85.0,BROOKLYN NETS,98.0,13,BRK,MIA,1,241
2021-01-25,LOS ANGELES LAKERS,115.0,CLEVELAND CAVALIERS,108.0,-7,CLE,LAL,0,242
2021-01-25,DENVER NUGGETS,117.0,DALLAS MAVERICKS,113.0,-4,DAL,DEN,0,243
2021-01-25,BOSTON CELTICS,119.0,CHICAGO BULLS,103.0,-16,CHI,BOS,0,244
2021-01-25,MINNESOTA TIMBERWOLVES,108.0,GOLDEN STATE WARRIORS,130.0,22,GSW,MIN,1,245
2021-01-25,OKLAHOMA CITY THUNDER,125.0,PORTLAND TRAIL BLAZERS,122.0,-3,POR,OKC,0,246
2021-01-26,LOS ANGELES CLIPPERS,99.0,ATLANTA HAWKS,108.0,9,ATL,LAC,1,247
2021-01-26,WASHINGTON WIZARDS,88.0,HOUSTON ROCKETS,107.0,19,HOU,WAS,1,248
2021-01-26,NEW YORK KNICKS,94.0,UTAH JAZZ,108.0,14,UTA,NYK,1,249
2021-01-27,INDIANA PACERS,116.0,CHARLOTTE HORNETS,106.0,-10,CHO,IND,0,250
2021-01-27,DETROIT PISTONS,107.0,CLEVELAND CAVALIERS,122.0,15,CLE,DET,1,251
2021-01-27,SACRAMENTO KINGS,121.0,ORLANDO MAGIC,107.0,-14,ORL,SAC,0,252
2021-01-27,BROOKLYN NETS,132.0,ATLANTA HAWKS,128.0,-4,ATL,BRK,0,253
2021-01-27,DENVER NUGGETS,109.0,MIAMI HEAT,82.0,-27,MIA,DEN,0,254
2021-01-27,LOS ANGELES LAKERS,106.0,PHILADELPHIA 76ERS,107.0,1,PHI,LAL,1,255
2021-01-27,MILWAUKEE BUCKS,115.0,TORONTO RAPTORS,108.0,-7,TOR,MIL,0,256
2021-01-27,BOSTON CELTICS,106.0,SAN ANTONIO SPURS,110.0,4,SAS,BOS,1,257
2021-01-27,WASHINGTON WIZARDS,106.0,NEW ORLEANS PELICANS,124.0,18,NOP,WAS,1,258
2021-01-27,OKLAHOMA CITY THUNDER,102.0,PHOENIX SUNS,97.0,-5,PHO,OKC,0,259
2021-01-27,DALLAS MAVERICKS,104.0,UTAH JAZZ,116.0,12,UTA,DAL,1,260
2021-01-27,MINNESOTA TIMBERWOLVES,111.0,GOLDEN STATE WARRIORS,123.0,12,GSW,MIN,1,261
2021-01-28,PORTLAND TRAIL BLAZERS,101.0,HOUSTON ROCKETS,104.0,3,HOU,POR,1,262
2021-01-28,LOS ANGELES LAKERS,92.0,DETROIT PISTONS,107.0,15,DET,LAL,1,263
2021-01-28,LOS ANGELES CLIPPERS,109.0,MIAMI HEAT,105.0,-4,MIA,LAC,0,264
2021-01-28,GOLDEN STATE WARRIORS,93.0,PHOENIX SUNS,114.0,21,PHO,GSW,1,265
2021-01-29,INDIANA PACERS,105.0,CHARLOTTE HORNETS,108.0,3,CHO,IND,1,266
2021-01-29,ATLANTA HAWKS,116.0,WASHINGTON WIZARDS,100.0,-16,WAS,ATL,0,267
2021-01-29,MILWAUKEE BUCKS,126.0,NEW ORLEANS PELICANS,131.0,5,NOP,MIL,1,268
2021-01-29,CLEVELAND CAVALIERS,81.0,NEW YORK KNICKS,102.0,21,NYK,CLE,1,269
2021-01-29,SACRAMENTO KINGS,126.0,TORONTO RAPTORS,124.0,-2,TOR,SAC,0,270
2021-01-29,PHILADELPHIA 76ERS,118.0,MINNESOTA TIMBERWOLVES,94.0,-24,MIN,PHI,0,271
2021-01-29,BROOKLYN NETS,147.0,OKLAHOMA CITY THUNDER,125.0,-22,OKC,BRK,0,272
2021-01-29,LOS ANGELES CLIPPERS,116.0,ORLANDO MAGIC,90.0,-26,ORL,LAC,0,273
2021-01-29,DENVER NUGGETS,109.0,SAN ANTONIO SPURS,119.0,10,SAS,DEN,1,274
2021-01-29,DALLAS MAVERICKS,101.0,UTAH JAZZ,120.0,19,UTA,DAL,1,275
2021-01-30,PORTLAND TRAIL BLAZERS,123.0,CHICAGO BULLS,122.0,-1,CHI,POR,0,276
2021-01-30,MILWAUKEE BUCKS,114.0,CHARLOTTE HORNETS,126.0,12,CHO,MIL,1,277
2021-01-30,SACRAMENTO KINGS,104.0,MIAMI HEAT,105.0,1,MIA,SAC,1,278
2021-01-30,HOUSTON ROCKETS,126.0,NEW ORLEANS PELICANS,112.0,-14,NOP,HOU,0,279
2021-01-30,LOS ANGELES LAKERS,96.0,BOSTON CELTICS,95.0,-1,BOS,LAL,0,280
2021-01-30,MEMPHIS GRIZZLIES,129.0,SAN ANTONIO SPURS,112.0,-17,SAS,MEM,0,281
2021-01-30,PHOENIX SUNS,111.0,DALLAS MAVERICKS,105.0,-6,DAL,PHO,0,282
2021-01-30,DETROIT PISTONS,91.0,GOLDEN STATE WARRIORS,118.0,27,GSW,DET,1,283
2021-01-31,LOS ANGELES CLIPPERS,129.0,NEW YORK KNICKS,115.0,-14,NYK,LAC,0,284
2021-01-31,UTAH JAZZ,117.0,DENVER NUGGETS,128.0,11,DEN,UTA,1,285
2021-01-31,PHILADELPHIA 76ERS,119.0,INDIANA PACERS,110.0,-9,IND,PHI,0,286
2021-01-31,ORLANDO MAGIC,102.0,TORONTO RAPTORS,115.0,13,TOR,ORL,1,287
2021-01-31,BROOKLYN NETS,146.0,WASHINGTON WIZARDS,149.0,3,WAS,BRK,1,288
2021-01-31,CLEVELAND CAVALIERS,104.0,MINNESOTA TIMBERWOLVES,109.0,5,MIN,CLE,1,289
2021-02-01,LOS ANGELES LAKERS,107.0,ATLANTA HAWKS,99.0,-8,ATL,LAL,0,290
2021-02-01,CHARLOTTE HORNETS,129.0,MIAMI HEAT,121.0,-8,MIA,CHO,0,291
2021-02-01,NEW YORK KNICKS,102.0,CHICAGO BULLS,110.0,8,CHI,NYK,1,292
2021-02-01,MINNESOTA TIMBERWOLVES,98.0,CLEVELAND CAVALIERS,100.0,2,CLE,MIN,1,293
2021-02-01,PORTLAND TRAIL BLAZERS,106.0,MILWAUKEE BUCKS,134.0,28,MIL,POR,1,294
2021-02-01,SACRAMENTO KINGS,118.0,NEW ORLEANS PELICANS,109.0,-9,NOP,SAC,0,295
2021-02-01,HOUSTON ROCKETS,136.0,OKLAHOMA CITY THUNDER,106.0,-30,OKC,HOU,0,296
2021-02-01,PHOENIX SUNS,109.0,DALLAS MAVERICKS,108.0,-1,DAL,PHO,0,297
2021-02-01,MEMPHIS GRIZZLIES,133.0,SAN ANTONIO SPURS,102.0,-31,SAS,MEM,0,298
2021-02-02,TORONTO RAPTORS,123.0,ORLANDO MAGIC,108.0,-15,ORL,TOR,0,299
2021-02-02,LOS ANGELES CLIPPERS,120.0,BROOKLYN NETS,124.0,4,BRK,LAC,1,300
2021-02-02,MEMPHIS GRIZZLIES,116.0,INDIANA PACERS,134.0,18,IND,MEM,1,301
2021-02-02,PORTLAND TRAIL BLAZERS,132.0,WASHINGTON WIZARDS,121.0,-11,WAS,POR,0,302
2021-02-02,BOSTON CELTICS,111.0,GOLDEN STATE WARRIORS,107.0,-4,GSW,BOS,0,303
2021-02-02,DETROIT PISTONS,105.0,UTAH JAZZ,117.0,12,UTA,DET,1,304
2021-02-03,PHILADELPHIA 76ERS,118.0,CHARLOTTE HORNETS,111.0,-7,CHO,PHI,0,305
2021-02-03,INDIANA PACERS,110.0,MILWAUKEE BUCKS,130.0,20,MIL,IND,1,306
2021-02-03,DALLAS MAVERICKS,122.0,ATLANTA HAWKS,116.0,-6,ATL,DAL,0,307
2021-02-03,NEW YORK KNICKS,107.0,CHICAGO BULLS,103.0,-4,CHI,NYK,0,308
2021-02-03,LOS ANGELES CLIPPERS,121.0,CLEVELAND CAVALIERS,99.0,-22,CLE,LAC,0,309
2021-02-03,WASHINGTON WIZARDS,103.0,MIAMI HEAT,100.0,-3,MIA,WAS,0,310
2021-02-03,HOUSTON ROCKETS,87.0,OKLAHOMA CITY THUNDER,104.0,17,OKC,HOU,1,311
2021-02-03,MINNESOTA TIMBERWOLVES,108.0,SAN ANTONIO SPURS,111.0,3,SAS,MIN,1,312
2021-02-03,PHOENIX SUNS,101.0,NEW ORLEANS PELICANS,123.0,22,NOP,PHO,1,313
2021-02-03,BOSTON CELTICS,111.0,SACRAMENTO KINGS,116.0,5,SAC,BOS,1,314
2021-02-04,UTAH JAZZ,112.0,ATLANTA HAWKS,91.0,-21,ATL,UTA,0,315
2021-02-04,GOLDEN STATE WARRIORS,147.0,DALLAS MAVERICKS,116.0,-31,DAL,GSW,0,316
2021-02-04,PORTLAND TRAIL BLAZERS,121.0,PHILADELPHIA 76ERS,105.0,-16,PHI,POR,0,317
2021-02-04,HOUSTON ROCKETS,115.0,MEMPHIS GRIZZLIES,103.0,-12,MEM,HOU,0,318
2021-02-04,DENVER NUGGETS,93.0,LOS ANGELES LAKERS,114.0,21,LAL,DEN,1,319
2021-02-05,NEW ORLEANS PELICANS,114.0,INDIANA PACERS,113.0,-1,IND,NOP,0,320
2021-02-05,CHICAGO BULLS,119.0,ORLANDO MAGIC,123.0,4,ORL,CHI,1,321
2021-02-05,TORONTO RAPTORS,123.0,BROOKLYN NETS,117.0,-6,BRK,TOR,0,322
2021-02-05,MILWAUKEE BUCKS,123.0,CLEVELAND CAVALIERS,105.0,-18,CLE,MIL,0,323
2021-02-05,UTAH JAZZ,138.0,CHARLOTTE HORNETS,121.0,-17,CHO,UTA,0,324
2021-02-05,WASHINGTON WIZARDS,95.0,MIAMI HEAT,122.0,27,MIA,WAS,1,325
2021-02-05,MINNESOTA TIMBERWOLVES,106.0,OKLAHOMA CITY THUNDER,103.0,-3,OKC,MIN,0,326
2021-02-05,DETROIT PISTONS,92.0,PHOENIX SUNS,109.0,17,PHO,DET,1,327
2021-02-05,BOSTON CELTICS,119.0,LOS ANGELES CLIPPERS,115.0,-4,LAC,BOS,0,328
2021-02-06,PORTLAND TRAIL BLAZERS,99.0,NEW YORK KNICKS,110.0,11,NYK,POR,1,329
2021-02-06,DENVER NUGGETS,114.0,SACRAMENTO KINGS,119.0,5,SAC,DEN,1,330
2021-02-06,CHICAGO BULLS,118.0,ORLANDO MAGIC,92.0,-26,ORL,CHI,0,331
2021-02-06,TORONTO RAPTORS,121.0,ATLANTA HAWKS,132.0,11,ATL,TOR,1,332
2021-02-06,MILWAUKEE BUCKS,124.0,CLEVELAND CAVALIERS,99.0,-25,CLE,MIL,0,333
2021-02-06,SAN ANTONIO SPURS,111.0,HOUSTON ROCKETS,106.0,-5,HOU,SAS,0,334
2021-02-06,MINNESOTA TIMBERWOLVES,118.0,OKLAHOMA CITY THUNDER,120.0,2,OKC,MIN,1,335
2021-02-06,BROOKLYN NETS,108.0,PHILADELPHIA 76ERS,124.0,16,PHI,BRK,1,336
2021-02-06,GOLDEN STATE WARRIORS,132.0,DALLAS MAVERICKS,134.0,2,DAL,GSW,1,337
2021-02-06,MEMPHIS GRIZZLIES,109.0,NEW ORLEANS PELICANS,118.0,9,NOP,MEM,1,338
2021-02-06,DETROIT PISTONS,129.0,LOS ANGELES LAKERS,135.0,6,LAL,DET,1,339
2021-02-07,WASHINGTON WIZARDS,97.0,CHARLOTTE HORNETS,119.0,22,CHO,WAS,1,340
2021-02-07,UTAH JAZZ,103.0,INDIANA PACERS,95.0,-8,IND,UTA,0,341
2021-02-07,MIAMI HEAT,109.0,NEW YORK KNICKS,103.0,-6,NYK,MIA,0,342
2021-02-07,BOSTON CELTICS,91.0,PHOENIX SUNS,100.0,9,PHO,BOS,1,343
2021-02-07,SACRAMENTO KINGS,113.0,LOS ANGELES CLIPPERS,110.0,-3,LAC,SAC,0,344
2021-02-08,HOUSTON ROCKETS,94.0,CHARLOTTE HORNETS,119.0,25,CHO,HOU,1,345
2021-02-08,WASHINGTON WIZARDS,105.0,CHICAGO BULLS,101.0,-4,CHI,WAS,0,346
2021-02-08,TORONTO RAPTORS,128.0,MEMPHIS GRIZZLIES,113.0,-15,MEM,TOR,0,347
2021-02-08,MINNESOTA TIMBERWOLVES,122.0,DALLAS MAVERICKS,127.0,5,DAL,MIN,1,348
2021-02-08,GOLDEN STATE WARRIORS,100.0,SAN ANTONIO SPURS,105.0,5,SAS,GSW,1,349
2021-02-08,CLEVELAND CAVALIERS,113.0,PHOENIX SUNS,119.0,6,PHO,CLE,1,350
2021-02-08,MILWAUKEE BUCKS,125.0,DENVER NUGGETS,112.0,-13,DEN,MIL,0,351
2021-02-08,OKLAHOMA CITY THUNDER,112.0,LOS ANGELES LAKERS,119.0,7,LAL,OKC,1,352
2021-02-09,BROOKLYN NETS,111.0,DETROIT PISTONS,122.0,11,DET,BRK,1,353
2021-02-09,NEW YORK KNICKS,96.0,MIAMI HEAT,98.0,2,MIA,NYK,1,354
2021-02-09,HOUSTON ROCKETS,101.0,NEW ORLEANS PELICANS,130.0,29,NOP,HOU,1,355
2021-02-09,GOLDEN STATE WARRIORS,114.0,SAN ANTONIO SPURS,91.0,-23,SAS,GSW,0,356
2021-02-09,ORLANDO MAGIC,97.0,PORTLAND TRAIL BLAZERS,106.0,9,POR,ORL,1,357
2021-02-09,PHILADELPHIA 76ERS,119.0,SACRAMENTO KINGS,111.0,-8,SAC,PHI,0,358
2021-02-09,BOSTON CELTICS,108.0,UTAH JAZZ,122.0,14,UTA,BOS,1,359
2021-02-10,TORONTO RAPTORS,0.0,WASHINGTON WIZARDS,0.0,0,WAS,TOR,0,360
2021-02-10,ATLANTA HAWKS,0.0,DALLAS MAVERICKS,0.0,0,DAL,ATL,0,361
2021-02-10,INDIANA PACERS,0.0,BROOKLYN NETS,0.0,0,BRK,IND,0,362
2021-02-10,CHARLOTTE HORNETS,0.0,MEMPHIS GRIZZLIES,0.0,0,MEM,CHO,0,363
2021-02-10,LOS ANGELES CLIPPERS,0.0,MINNESOTA TIMBERWOLVES,0.0,0,MIN,LAC,0,364
2021-02-10,NEW ORLEANS PELICANS,0.0,CHICAGO BULLS,0.0,0,CHI,NOP,0,365
2021-02-10,CLEVELAND CAVALIERS,0.0,DENVER NUGGETS,0.0,0,DEN,CLE,0,366
2021-02-10,OKLAHOMA CITY THUNDER,0.0,LOS ANGELES LAKERS,0.0,0,LAL,OKC,0,367
2021-02-10,MILWAUKEE BUCKS,0.0,PHOENIX SUNS,0.0,0,PHO,MIL,0,368
2021-02-11,TORONTO RAPTORS,0.0,BOSTON CELTICS,0.0,0,BOS,TOR,0,369
2021-02-11,MIAMI HEAT,0.0,HOUSTON ROCKETS,0.0,0,HOU,MIA,0,370
2021-02-11,INDIANA PACERS,0.0,DETROIT PISTONS,0.0,0,DET,IND,0,371
2021-02-11,ORLANDO MAGIC,0.0,GOLDEN STATE WARRIORS,0.0,0,GSW,ORL,0,372
2021-02-11,PHILADELPHIA 76ERS,0.0,PORTLAND TRAIL BLAZERS,0.0,0,POR,PHI,0,373
2021-02-12,DETROIT PISTONS,0.0,BOSTON CELTICS,0.0,0,BOS,DET,0,374
2021-02-12,MINNESOTA TIMBERWOLVES,0.0,CHARLOTTE HORNETS,0.0,0,CHO,MIN,0,375
2021-02-12,NEW YORK KNICKS,0.0,WASHINGTON WIZARDS,0.0,0,WAS,NYK,0,376
2021-02-12,SAN ANTONIO SPURS,0.0,ATLANTA HAWKS,0.0,0,ATL,SAS,0,377
2021-02-12,NEW ORLEANS PELICANS,0.0,DALLAS MAVERICKS,0.0,0,DAL,NOP,0,378
2021-02-12,LOS ANGELES CLIPPERS,0.0,CHICAGO BULLS,0.0,0,CHI,LAC,0,379
2021-02-12,OKLAHOMA CITY THUNDER,0.0,DENVER NUGGETS,0.0,0,DEN,OKC,0,380
2021-02-12,MILWAUKEE BUCKS,0.0,UTAH JAZZ,0.0,0,UTA,MIL,0,381
2021-02-12,MEMPHIS GRIZZLIES,0.0,LOS ANGELES LAKERS,0.0,0,LAL,MEM,0,382
2021-02-12,CLEVELAND CAVALIERS,0.0,PORTLAND TRAIL BLAZERS,0.0,0,POR,CLE,0,383
2021-02-12,ORLANDO MAGIC,0.0,SACRAMENTO KINGS,0.0,0,SAC,ORL,0,384
2021-02-13,PHILADELPHIA 76ERS,0.0,PHOENIX SUNS,0.0,0,PHO,PHI,0,385
2021-02-13,INDIANA PACERS,0.0,ATLANTA HAWKS,0.0,0,ATL,IND,0,386
2021-02-13,HOUSTON ROCKETS,0.0,NEW YORK KNICKS,0.0,0,NYK,HOU,0,387
2021-02-13,BROOKLYN NETS,0.0,GOLDEN STATE WARRIORS,0.0,0,GSW,BRK,0,388
2021-02-13,MIAMI HEAT,0.0,UTAH JAZZ,0.0,0,UTA,MIA,0,389
2021-02-14,BOSTON CELTICS,0.0,WASHINGTON WIZARDS,0.0,0,WAS,BOS,0,390
2021-02-14,MINNESOTA TIMBERWOLVES,0.0,TORONTO RAPTORS,0.0,0,TOR,MIN,0,391
2021-02-14,SAN ANTONIO SPURS,0.0,CHARLOTTE HORNETS,0.0,0,CHO,SAS,0,392
2021-02-14,NEW ORLEANS PELICANS,0.0,DETROIT PISTONS,0.0,0,DET,NOP,0,393
2021-02-14,MILWAUKEE BUCKS,0.0,OKLAHOMA CITY THUNDER,0.0,0,OKC,MIL,0,394
2021-02-14,PORTLAND TRAIL BLAZERS,0.0,DALLAS MAVERICKS,0.0,0,DAL,POR,0,395
2021-02-14,ORLANDO MAGIC,0.0,PHOENIX SUNS,0.0,0,PHO,ORL,0,396
2021-02-14,MEMPHIS GRIZZLIES,0.0,SACRAMENTO KINGS,0.0,0,SAC,MEM,0,397
2021-02-14,LOS ANGELES LAKERS,0.0,DENVER NUGGETS,0.0,0,DEN,LAL,0,398
2021-02-14,CLEVELAND CAVALIERS,0.0,LOS ANGELES CLIPPERS,0.0,0,LAC,CLE,0,399
2021-02-15,CHICAGO BULLS,0.0,INDIANA PACERS,0.0,0,IND,CHI,0,400
2021-02-15,HOUSTON ROCKETS,0.0,WASHINGTON WIZARDS,0.0,0,WAS,HOU,0,401
2021-02-15,ATLANTA HAWKS,0.0,NEW YORK KNICKS,0.0,0,NYK,ATL,0,402
2021-02-15,PHILADELPHIA 76ERS,0.0,UTAH JAZZ,0.0,0,UTA,PHI,0,403
2021-02-15,CLEVELAND CAVALIERS,0.0,GOLDEN STATE WARRIORS,0.0,0,GSW,CLE,0,404
2021-02-15,MIAMI HEAT,0.0,LOS ANGELES CLIPPERS,0.0,0,LAC,MIA,0,405
2021-02-15,BROOKLYN NETS,0.0,SACRAMENTO KINGS,0.0,0,SAC,BRK,0,406
2021-02-16,DENVER NUGGETS,0.0,BOSTON CELTICS,0.0,0,BOS,DEN,0,407
2021-02-16,SAN ANTONIO SPURS,0.0,DETROIT PISTONS,0.0,0,DET,SAS,0,408
2021-02-16,NEW ORLEANS PELICANS,0.0,MEMPHIS GRIZZLIES,0.0,0,MEM,NOP,0,409
2021-02-16,TORONTO RAPTORS,0.0,MILWAUKEE BUCKS,0.0,0,MIL,TOR,0,410
2021-02-16,LOS ANGELES LAKERS,0.0,MINNESOTA TIMBERWOLVES,0.0,0,MIN,LAL,0,411
2021-02-16,PORTLAND TRAIL BLAZERS,0.0,OKLAHOMA CITY THUNDER,0.0,0,OKC,POR,0,412
2021-02-16,BROOKLYN NETS,0.0,PHOENIX SUNS,0.0,0,PHO,BRK,0,413
2021-02-17,CHICAGO BULLS,0.0,CHARLOTTE HORNETS,0.0,0,CHO,CHI,0,414
2021-02-17,SAN ANTONIO SPURS,0.0,CLEVELAND CAVALIERS,0.0,0,CLE,SAS,0,415
2021-02-17,NEW YORK KNICKS,0.0,ORLANDO MAGIC,0.0,0,ORL,NYK,0,416
2021-02-17,DENVER NUGGETS,0.0,WASHINGTON WIZARDS,0.0,0,WAS,DEN,0,417
2021-02-17,ATLANTA HAWKS,0.0,BOSTON CELTICS,0.0,0,BOS,ATL,0,418
2021-02-17,HOUSTON ROCKETS,0.0,PHILADELPHIA 76ERS,0.0,0,PHI,HOU,0,419
2021-02-17,INDIANA PACERS,0.0,MINNESOTA TIMBERWOLVES,0.0,0,MIN,IND,0,420
2021-02-17,PORTLAND TRAIL BLAZERS,0.0,NEW ORLEANS PELICANS,0.0,0,NOP,POR,0,421
2021-02-17,DETROIT PISTONS,0.0,DALLAS MAVERICKS,0.0,0,DAL,DET,0,422
2021-02-17,OKLAHOMA CITY THUNDER,0.0,MEMPHIS GRIZZLIES,0.0,0,MEM,OKC,0,423
2021-02-17,MIAMI HEAT,0.0,GOLDEN STATE WARRIORS,0.0,0,GSW,MIA,0,424
2021-02-17,UTAH JAZZ,0.0,LOS ANGELES CLIPPERS,0.0,0,LAC,UTA,0,425
2021-02-18,TORONTO RAPTORS,0.0,MILWAUKEE BUCKS,0.0,0,MIL,TOR,0,426
2021-02-18,BROOKLYN NETS,0.0,LOS ANGELES LAKERS,0.0,0,LAL,BRK,0,427
2021-02-18,MIAMI HEAT,0.0,SACRAMENTO KINGS,0.0,0,SAC,MIA,0,428
2021-02-19,DENVER NUGGETS,0.0,CHARLOTTE HORNETS,0.0,0,CHO,DEN,0,429
2021-02-19,GOLDEN STATE WARRIORS,0.0,ORLANDO MAGIC,0.0,0,ORL,GSW,0,430
2021-02-19,CHICAGO BULLS,0.0,PHILADELPHIA 76ERS,0.0,0,PHI,CHI,0,431
2021-02-19,ATLANTA HAWKS,0.0,BOSTON CELTICS,0.0,0,BOS,ATL,0,432
2021-02-19,DETROIT PISTONS,0.0,MEMPHIS GRIZZLIES,0.0,0,MEM,DET,0,433
2021-02-19,OKLAHOMA CITY THUNDER,0.0,MILWAUKEE BUCKS,0.0,0,MIL,OKC,0,434
2021-02-19,TORONTO RAPTORS,0.0,MINNESOTA TIMBERWOLVES,0.0,0,MIN,TOR,0,435
2021-02-19,PHOENIX SUNS,0.0,NEW ORLEANS PELICANS,0.0,0,NOP,PHO,0,436
2021-02-19,DALLAS MAVERICKS,0.0,HOUSTON ROCKETS,0.0,0,HOU,DAL,0,437
2021-02-19,UTAH JAZZ,0.0,LOS ANGELES CLIPPERS,0.0,0,LAC,UTA,0,438
2021-02-20,SAN ANTONIO SPURS,0.0,NEW YORK KNICKS,0.0,0,NYK,SAS,0,439
2021-02-20,GOLDEN STATE WARRIORS,0.0,CHARLOTTE HORNETS,0.0,0,CHO,GSW,0,440
2021-02-20,SACRAMENTO KINGS,0.0,CHICAGO BULLS,0.0,0,CHI,SAC,0,441
2021-02-20,INDIANA PACERS,0.0,HOUSTON ROCKETS,0.0,0,HOU,IND,0,442
2021-02-20,PHOENIX SUNS,0.0,MEMPHIS GRIZZLIES,0.0,0,MEM,PHO,0,443
2021-02-20,MIAMI HEAT,0.0,LOS ANGELES LAKERS,0.0,0,LAL,MIA,0,444
2021-02-20,WASHINGTON WIZARDS,0.0,PORTLAND TRAIL BLAZERS,0.0,0,POR,WAS,0,445
2021-02-21,BOSTON CELTICS,0.0,NEW ORLEANS PELICANS,0.0,0,NOP,BOS,0,446
2021-02-21,OKLAHOMA CITY THUNDER,0.0,CLEVELAND CAVALIERS,0.0,0,CLE,OKC,0,447
2021-02-21,DETROIT PISTONS,0.0,ORLANDO MAGIC,0.0,0,ORL,DET,0,448
2021-02-21,PHILADELPHIA 76ERS,0.0,TORONTO RAPTORS,0.0,0,TOR,PHI,0,449
2021-02-21,MINNESOTA TIMBERWOLVES,0.0,NEW YORK KNICKS,0.0,0,NYK,MIN,0,450
2021-02-21,DENVER NUGGETS,0.0,ATLANTA HAWKS,0.0,0,ATL,DEN,0,451
2021-02-21,BROOKLYN NETS,0.0,LOS ANGELES CLIPPERS,0.0,0,LAC,BRK,0,452
2021-02-21,SACRAMENTO KINGS,0.0,MILWAUKEE BUCKS,0.0,0,MIL,SAC,0,453
2021-02-22,SAN ANTONIO SPURS,0.0,INDIANA PACERS,0.0,0,IND,SAS,0,454
2021-02-22,CHICAGO BULLS,0.0,HOUSTON ROCKETS,0.0,0,HOU,CHI,0,455
2021-02-22,MIAMI HEAT,0.0,OKLAHOMA CITY THUNDER,0.0,0,OKC,MIA,0,456
2021-02-22,MEMPHIS GRIZZLIES,0.0,DALLAS MAVERICKS,0.0,0,DAL,MEM,0,457
2021-02-22,PORTLAND TRAIL BLAZERS,0.0,PHOENIX SUNS,0.0,0,PHO,POR,0,458
2021-02-22,CHARLOTTE HORNETS,0.0,UTAH JAZZ,0.0,0,UTA,CHO,0,459
2021-02-22,WASHINGTON WIZARDS,0.0,LOS ANGELES LAKERS,0.0,0,LAL,WAS,0,460
2021-02-23,ATLANTA HAWKS,0.0,CLEVELAND CAVALIERS,0.0,0,CLE,ATL,0,461
2021-02-23,DETROIT PISTONS,0.0,ORLANDO MAGIC,0.0,0,ORL,DET,0,462
2021-02-23,SACRAMENTO KINGS,0.0,BROOKLYN NETS,0.0,0,BRK,SAC,0,463
2021-02-23,BOSTON CELTICS,0.0,DALLAS MAVERICKS,0.0,0,DAL,BOS,0,464
2021-02-23,GOLDEN STATE WARRIORS,0.0,NEW YORK KNICKS,0.0,0,NYK,GSW,0,465
2021-02-23,PHILADELPHIA 76ERS,0.0,TORONTO RAPTORS,0.0,0,TOR,PHI,0,466
2021-02-23,MINNESOTA TIMBERWOLVES,0.0,MILWAUKEE BUCKS,0.0,0,MIL,MIN,0,467
2021-02-23,PORTLAND TRAIL BLAZERS,0.0,DENVER NUGGETS,0.0,0,DEN,POR,0,468
2021-02-23,WASHINGTON WIZARDS,0.0,LOS ANGELES CLIPPERS,0.0,0,LAC,WAS,0,469
2021-02-24,GOLDEN STATE WARRIORS,0.0,INDIANA PACERS,0.0,0,IND,GSW,0,470
2021-02-24,BOSTON CELTICS,0.0,ATLANTA HAWKS,0.0,0,ATL,BOS,0,471
2021-02-24,HOUSTON ROCKETS,0.0,CLEVELAND CAVALIERS,0.0,0,CLE,HOU,0,472
2021-02-24,TORONTO RAPTORS,0.0,MIAMI HEAT,0.0,0,MIA,TOR,0,473
2021-02-24,MINNESOTA TIMBERWOLVES,0.0,CHICAGO BULLS,0.0,0,CHI,MIN,0,474
2021-02-24,DETROIT PISTONS,0.0,NEW ORLEANS PELICANS,0.0,0,NOP,DET,0,475
2021-02-24,SAN ANTONIO SPURS,0.0,OKLAHOMA CITY THUNDER,0.0,0,OKC,SAS,0,476
2021-02-24,CHARLOTTE HORNETS,0.0,PHOENIX SUNS,0.0,0,PHO,CHO,0,477
2021-02-24,LOS ANGELES LAKERS,0.0,UTAH JAZZ,0.0,0,UTA,LAL,0,478
2021-02-25,DALLAS MAVERICKS,0.0,PHILADELPHIA 76ERS,0.0,0,PHI,DAL,0,479
2021-02-25,ORLANDO MAGIC,0.0,BROOKLYN NETS,0.0,0,BRK,ORL,0,480
2021-02-25,SACRAMENTO KINGS,0.0,NEW YORK KNICKS,0.0,0,NYK,SAC,0,481
2021-02-25,LOS ANGELES CLIPPERS,0.0,MEMPHIS GRIZZLIES,0.0,0,MEM,LAC,0,482
2021-02-25,WASHINGTON WIZARDS,0.0,DENVER NUGGETS,0.0,0,DEN,WAS,0,483
2021-02-25,NEW ORLEANS PELICANS,0.0,MILWAUKEE BUCKS,0.0,0,MIL,NOP,0,484
2021-02-26,SACRAMENTO KINGS,0.0,DETROIT PISTONS,0.0,0,DET,SAC,0,485
2021-02-26,INDIANA PACERS,0.0,BOSTON CELTICS,0.0,0,BOS,IND,0,486
2021-02-26,HOUSTON ROCKETS,0.0,TORONTO RAPTORS,0.0,0,TOR,HOU,0,487
2021-02-26,PHOENIX SUNS,0.0,CHICAGO BULLS,0.0,0,CHI,PHO,0,488
2021-02-26,LOS ANGELES CLIPPERS,0.0,MEMPHIS GRIZZLIES,0.0,0,MEM,LAC,0,489
2021-02-26,UTAH JAZZ,0.0,MIAMI HEAT,0.0,0,MIA,UTA,0,490
2021-02-26,ATLANTA HAWKS,0.0,OKLAHOMA CITY THUNDER,0.0,0,OKC,ATL,0,491
2021-02-26,CHARLOTTE HORNETS,0.0,GOLDEN STATE WARRIORS,0.0,0,GSW,CHO,0,492
2021-02-26,PORTLAND TRAIL BLAZERS,0.0,LOS ANGELES LAKERS,0.0,0,LAL,POR,0,493
2021-02-27,CLEVELAND CAVALIERS,0.0,PHILADELPHIA 76ERS,0.0,0,PHI,CLE,0,494
2021-02-27,NEW ORLEANS PELICANS,0.0,SAN ANTONIO SPURS,0.0,0,SAS,NOP,0,495
2021-02-27,INDIANA PACERS,0.0,NEW YORK KNICKS,0.0,0,NYK,IND,0,496
2021-02-27,UTAH JAZZ,0.0,ORLANDO MAGIC,0.0,0,ORL,UTA,0,497
2021-02-27,MINNESOTA TIMBERWOLVES,0.0,WASHINGTON WIZARDS,0.0,0,WAS,MIN,0,498
2021-02-27,DENVER NUGGETS,0.0,OKLAHOMA CITY THUNDER,0.0,0,OKC,DEN,0,499
2021-02-27,DALLAS MAVERICKS,0.0,BROOKLYN NETS,0.0,0,BRK,DAL,0,500
2021-02-28,LOS ANGELES CLIPPERS,0.0,MILWAUKEE BUCKS,0.0,0,MIL,LAC,0,501
2021-02-28,NEW YORK KNICKS,0.0,DETROIT PISTONS,0.0,0,DET,NYK,0,502
2021-02-28,ATLANTA HAWKS,0.0,MIAMI HEAT,0.0,0,MIA,ATL,0,503
2021-02-28,CHICAGO BULLS,0.0,TORONTO RAPTORS,0.0,0,TOR,CHI,0,504
2021-02-28,WASHINGTON WIZARDS,0.0,BOSTON CELTICS,0.0,0,BOS,WAS,0,505
2021-02-28,MEMPHIS GRIZZLIES,0.0,HOUSTON ROCKETS,0.0,0,HOU,MEM,0,506
2021-02-28,GOLDEN STATE WARRIORS,0.0,LOS ANGELES LAKERS,0.0,0,LAL,GSW,0,507
2021-02-28,PHOENIX SUNS,0.0,MINNESOTA TIMBERWOLVES,0.0,0,MIN,PHO,0,508
2021-02-28,CHARLOTTE HORNETS,0.0,SACRAMENTO KINGS,0.0,0,SAC,CHO,0,509
2021-03-01,DALLAS MAVERICKS,0.0,ORLANDO MAGIC,0.0,0,ORL,DAL,0,510
2021-03-01,INDIANA PACERS,0.0,PHILADELPHIA 76ERS,0.0,0,PHI,IND,0,511
2021-03-01,CLEVELAND CAVALIERS,0.0,HOUSTON ROCKETS,0.0,0,HOU,CLE,0,512
2021-03-01,UTAH JAZZ,0.0,NEW ORLEANS PELICANS,0.0,0,NOP,UTA,0,513
2021-03-01,DENVER NUGGETS,0.0,CHICAGO BULLS,0.0,0,CHI,DEN,0,514
2021-03-01,BROOKLYN NETS,0.0,SAN ANTONIO SPURS,0.0,0,SAS,BRK,0,515
2021-03-01,CHARLOTTE HORNETS,0.0,PORTLAND TRAIL BLAZERS,0.0,0,POR,CHO,0,516
2021-03-02,MEMPHIS GRIZZLIES,0.0,WASHINGTON WIZARDS,0.0,0,WAS,MEM,0,517
2021-03-02,LOS ANGELES CLIPPERS,0.0,BOSTON CELTICS,0.0,0,BOS,LAC,0,518
2021-03-02,ATLANTA HAWKS,0.0,MIAMI HEAT,0.0,0,MIA,ATL,0,519
2021-03-02,DETROIT PISTONS,0.0,TORONTO RAPTORS,0.0,0,TOR,DET,0,520
2021-03-02,DENVER NUGGETS,0.0,MILWAUKEE BUCKS,0.0,0,MIL,DEN,0,521
2021-03-02,NEW YORK KNICKS,0.0,SAN ANTONIO SPURS,0.0,0,SAS,NYK,0,522
2021-03-02,PHOENIX SUNS,0.0,LOS ANGELES LAKERS,0.0,0,LAL,PHO,0,523
2021-03-03,INDIANA PACERS,0.0,CLEVELAND CAVALIERS,0.0,0,CLE,IND,0,524
2021-03-03,ATLANTA HAWKS,0.0,ORLANDO MAGIC,0.0,0,ORL,ATL,0,525
2021-03-03,UTAH JAZZ,0.0,PHILADELPHIA 76ERS,0.0,0,PHI,UTA,0,526
2021-03-03,BROOKLYN NETS,0.0,HOUSTON ROCKETS,0.0,0,HOU,BRK,0,527
2021-03-03,CHARLOTTE HORNETS,0.0,MINNESOTA TIMBERWOLVES,0.0,0,MIN,CHO,0,528
2021-03-03,CHICAGO BULLS,0.0,NEW ORLEANS PELICANS,0.0,0,NOP,CHI,0,529
2021-03-03,OKLAHOMA CITY THUNDER,0.0,DALLAS MAVERICKS,0.0,0,DAL,OKC,0,530
2021-03-03,GOLDEN STATE WARRIORS,0.0,PORTLAND TRAIL BLAZERS,0.0,0,POR,GSW,0,531
2021-03-03,LOS ANGELES LAKERS,0.0,SACRAMENTO KINGS,0.0,0,SAC,LAL,0,532
2021-03-04,TORONTO RAPTORS,0.0,BOSTON CELTICS,0.0,0,BOS,TOR,0,533
2021-03-04,DENVER NUGGETS,0.0,INDIANA PACERS,0.0,0,IND,DEN,0,534
2021-03-04,LOS ANGELES CLIPPERS,0.0,WASHINGTON WIZARDS,0.0,0,WAS,LAC,0,535
2021-03-04,MILWAUKEE BUCKS,0.0,MEMPHIS GRIZZLIES,0.0,0,MEM,MIL,0,536
2021-03-04,OKLAHOMA CITY THUNDER,0.0,SAN ANTONIO SPURS,0.0,0,SAS,OKC,0,537
2021-03-04,MIAMI HEAT,0.0,NEW ORLEANS PELICANS,0.0,0,NOP,MIA,0,538
2021-03-04,GOLDEN STATE WARRIORS,0.0,PHOENIX SUNS,0.0,0,PHO,GSW,0,539
2021-03-04,SACRAMENTO KINGS,0.0,PORTLAND TRAIL BLAZERS,0.0,0,POR,SAC,0,540
